{
  "orig": "D MNF.flac",
  "base": "Tomatis_D_30m_declick.flac",
  "delay_samples_orig_minus_base": 9013656,
  "music_dbfs": -65.0,
  "gain_db_base_minus_orig": -17.768692016601562,
  "T_adj_dbfs": -28.84690284729004,
  "T_raw_dbfs": -11.078210830688477,
  "gate_ui": 50.0,
  "gate_scale": 1.0,
  "gate_offset": -61.07821083068848,
  "hyst_db": 1.0,
  "up_delay_ms": 0.0,
  "mismatch": 0.1297130661607778,
  "switches": 0
}